chat_group,sequence,from,to,timestamp,type,body
020ff089-42c7-486a-b6ca-c4aaeb21532a,1,cliente_numero,vendedor_numero,2024-12-16T09:00:00Z,text,Hola, buenos días. Quisiera consultar el estado de mi pago por la compra realizada el lunes pasado usando mi tarjeta de crédito.
020ff089-42c7-486a-b6ca-c4aaeb21532a,2,vendedor_numero,cliente_numero,2024-12-16T09:01:00Z,text,¡Hola! Buenos días. Claro, con gusto te ayudo. ¿Podrías proporcionarme el número de tu pedido, por favor?
020ff089-42c7-486a-b6ca-c4aaeb21532a,3,cliente_numero,vendedor_numero,2024-12-16T09:02:00Z,text,Sí, es el #789456.
020ff089-42c7-486a-b6ca-c4aaeb21532a,4,vendedor_numero,cliente_numero,2024-12-16T09:03:00Z,text,Gracias. Un momento mientras verifico la información...
He revisado tu pedido y el pago fue procesado exitosamente el lunes a las 10:30 AM. ¿No ves el cargo reflejado en tu estado de cuenta?
0264cada-e89d-4ef4-b42c-511867ad8f1d,1,cliente_numero,vendedor_numero,2024-12-16T09:00:00Z,text,Hola, buenos días. Quisiera consultar el estado de mi pago por la compra realizada el lunes pasado usando mi tarjeta de crédito.
0264cada-e89d-4ef4-b42c-511867ad8f1d,2,vendedor_numero,cliente_numero,2024-12-16T09:01:00Z,text,¡Hola! Buenos días. Claro, con gusto te ayudo. ¿Podrías proporcionarme el número de tu pedido, por favor?
0264cada-e89d-4ef4-b42c-511867ad8f1d,3,cliente_numero,vendedor_numero,2024-12-16T09:02:00Z,text,Sí, es el #789456.
0264cada-e89d-4ef4-b42c-511867ad8f1d,4,vendedor_numero,cliente_numero,2024-12-16T09:03:00Z,text,Gracias. Un momento mientras verifico la información...
He revisado tu pedido y el pago fue procesado exitosamente el lunes a las 10:30 AM. ¿No ves el cargo reflejado en tu estado de cuenta?
042b00b1-1cce-4044-ad86-a8db33d98eab,1,cliente_numero,vendedor_numero,2024-12-16T09:00:00Z,text,Hola, buenos días. Quisiera consultar el estado de mi pago por la compra realizada el lunes pasado usando mi tarjeta de crédito.
042b00b1-1cce-4044-ad86-a8db33d98eab,2,vendedor_numero,cliente_numero,2024-12-16T09:01:00Z,text,¡Hola! Buenos días. Claro, con gusto te ayudo. ¿Podrías proporcionarme el número de tu pedido, por favor?
042b00b1-1cce-4044-ad86-a8db33d98eab,3,cliente_numero,vendedor_numero,2024-12-16T09:02:00Z,text,Sí, es el #789456.
042b00b1-1cce-4044-ad86-a8db33d98eab,4,vendedor_numero,cliente_numero,2024-12-16T09:03:00Z,text,Gracias. Un momento mientras verifico la información...
He revisado tu pedido y el pago fue procesado exitosamente el lunes a las 10:30 AM. ¿No ves el cargo reflejado en tu estado de cuenta?
05987d78-e4fe-4fe3-b9e4-7386b3e6366d,1,cliente_numero,vendedor_numero,2024-12-16T09:00:00Z,text,Hola, buenos días. Quisiera consultar el estado de mi pago por la compra realizada el lunes pasado usando mi tarjeta de crédito.
05987d78-e4fe-4fe3-b9e4-7386b3e6366d,2,vendedor_numero,cliente_numero,2024-12-16T09:01:00Z,text,¡Hola! Buenos días. Claro, con gusto te ayudo. ¿Podrías proporcionarme el número de tu pedido, por favor?
05987d78-e4fe-4fe3-b9e4-7386b3e6366d,3,cliente_numero,vendedor_numero,2024-12-16T09:02:00Z,text,Sí, es el #789456.
05987d78-e4fe-4fe3-b9e4-7386b3e6366d,4,vendedor_numero,cliente_numero,2024-12-16T09:03:00Z,text,Gracias. Un momento mientras verifico la información...
He revisado tu pedido y el pago fue procesado exitosamente el lunes a las 10:30 AM. ¿No ves el cargo reflejado en tu estado de cuenta?
076248f0-9e5c-4385-96d1-b3ef8858437e,1,cliente_numero,vendedor_numero,2024-12-16T09:00:00Z,text,Hola, buenos días. Quisiera consultar el estado de mi pago por la compra realizada el lunes pasado usando mi tarjeta de crédito.
076248f0-9e5c-4385-96d1-b3ef8858437e,2,vendedor_numero,cliente_numero,2024-12-16T09:01:00Z,text,¡Hola! Buenos días. Claro, con gusto te ayudo. ¿Podrías proporcionarme el número de tu pedido, por favor?
076248f0-9e5c-4385-96d1-b3ef8858437e,3,cliente_numero,vendedor_numero,2024-12-16T09:02:00Z,text,Sí, es el #789456.
076248f0-9e5c-4385-96d1-b3ef8858437e,4,vendedor_numero,cliente_numero,2024-12-16T09:03:00Z,text,Gracias. Un momento mientras verifico la información...
He revisado tu pedido y el pago fue procesado exitosamente el lunes a las 10:30 AM. ¿No ves el cargo reflejado en tu estado de cuenta?
08b12426-63f4-4314-b118-1d78a4a63a73,1,cliente_numero,vendedor_numero,2024-12-16T09:00:00Z,text,Hola, buenos días. Quisiera consultar el estado de mi pago por la compra realizada el lunes pasado usando mi tarjeta de crédito.
08b12426-63f4-4314-b118-1d78a4a63a73,2,vendedor_numero,cliente_numero,2024-12-16T09:01:00Z,text,¡Hola! Buenos días. Claro, con gusto te ayudo. ¿Podrías proporcionarme el número de tu pedido, por favor?
08b12426-63f4-4314-b118-1d78a4a63a73,3,cliente_numero,vendedor_numero,2024-12-16T09:02:00Z,text,Sí, es el #789456.
08b12426-63f4-4314-b118-1d78a4a63a73,4,vendedor_numero,cliente_numero,2024-12-16T09:03:00Z,text,Gracias. Un momento mientras verifico la información...
He revisado tu pedido y el pago fue procesado exitosamente el lunes a las 10:30 AM. ¿No ves el cargo reflejado en tu estado de cuenta?
0f2eda5b-02e0-4b9a-ba00-69af459f47dd,1,cliente_numero,vendedor_numero,2024-12-16T09:00:00Z,text,Hola, buenos días. Quisiera consultar el estado de mi pago por la compra realizada el lunes pasado usando mi tarjeta de crédito.
0f2eda5b-02e0-4b9a-ba00-69af459f47dd,2,vendedor_numero,cliente_numero,2024-12-16T09:01:00Z,text,¡Hola! Buenos días. Claro, con gusto te ayudo. ¿Podrías proporcionarme el número de tu pedido, por favor?
0f2eda5b-02e0-4b9a-ba00-69af459f47dd,3,cliente_numero,vendedor_numero,2024-12-16T09:02:00Z,text,Sí, es el #789456.
0f2eda5b-02e0-4b9a-ba00-69af459f47dd,4,vendedor_numero,cliente_numero,2024-12-16T09:03:00Z,text,Gracias. Un momento mientras verifico la información...
He revisado tu pedido y el pago fue procesado exitosamente el lunes a las 10:30 AM. ¿No ves el cargo reflejado en tu estado de cuenta?
0f81e14f-e15a-4f99-a345-f1a1c7874596,1,cliente_numero,vendedor_numero,2024-12-16T09:00:00Z,text,Hola, buenos días. Quisiera consultar el estado de mi pago por la compra realizada el lunes pasado usando mi tarjeta de crédito.
0f81e14f-e15a-4f99-a345-f1a1c7874596,2,vendedor_numero,cliente_numero,2024-12-16T09:01:00Z,text,¡Hola! Buenos días. Claro, con gusto te ayudo. ¿Podrías proporcionarme el número de tu pedido, por favor?
0f81e14f-e15a-4f99-a345-f1a1c7874596,3,cliente_numero,vendedor_numero,2024-12-16T09:02:00Z,text,Sí, es el #789456.
0f81e14f-e15a-4f99-a345-f1a1c7874596,4,vendedor_numero,cliente_numero,2024-12-16T09:03:00Z,text,Gracias. Un momento mientras verifico la información...
He revisado tu pedido y el pago fue procesado exitosamente el lunes a las 10:30 AM. ¿No ves el cargo reflejado en tu estado de cuenta?
256beab5-8754-42c0-99dc-bda91eea48fa,1,cliente_numero,vendedor_numero,2024-12-16T09:00:00Z,text,Hola, buenos días. Quisiera consultar el estado de mi pago por la compra realizada el lunes pasado usando mi tarjeta de crédito.
256beab5-8754-42c0-99dc-bda91eea48fa,2,vendedor_numero,cliente_numero,2024-12-16T09:01:00Z,text,¡Hola! Buenos días. Claro, con gusto te ayudo. ¿Podrías proporcionarme el número de tu pedido, por favor?
256beab5-8754-42c0-99dc-bda91eea48fa,3,cliente_numero,vendedor_numero,2024-12-16T09:02:00Z,text,Sí, es el #789456.
256beab5-8754-42c0-99dc-bda91eea48fa,4,vendedor_numero,cliente_numero,2024-12-16T09:03:00Z,text,Gracias. Un momento mientras verifico la información...
He revisado tu pedido y el pago fue procesado exitosamente el lunes a las 10:30 AM. ¿No ves el cargo reflejado en tu estado de cuenta?
29cc6c37-03f2-4665-a68b-f937f417f921,1,cliente_numero,vendedor_numero,2024-12-16T09:00:00Z,text,Hola, buenos días. Quisiera consultar el estado de mi pago por la compra realizada el lunes pasado usando mi tarjeta de crédito.
29cc6c37-03f2-4665-a68b-f937f417f921,2,vendedor_numero,cliente_numero,2024-12-16T09:01:00Z,text,¡Hola! Buenos días. Claro, con gusto te ayudo. ¿Podrías proporcionarme el número de tu pedido, por favor?
29cc6c37-03f2-4665-a68b-f937f417f921,3,cliente_numero,vendedor_numero,2024-12-16T09:02:00Z,text,Sí, es el #789456.
29cc6c37-03f2-4665-a68b-f937f417f921,4,vendedor_numero,cliente_numero,2024-12-16T09:03:00Z,text,Gracias. Un momento mientras verifico la información...
He revisado tu pedido y el pago fue procesado exitosamente el lunes a las 10:30 AM. ¿No ves el cargo reflejado en tu estado de cuenta?
2c80b8d0-7f24-4d97-a98e-356a00cc88eb,1,cliente_numero,vendedor_numero,2024-12-16T09:00:00Z,text,Hola, buenos días. Quisiera consultar el estado de mi pago por la compra realizada el lunes pasado usando mi tarjeta de crédito.
2c80b8d0-7f24-4d97-a98e-356a00cc88eb,2,vendedor_numero,cliente_numero,2024-12-16T09:01:00Z,text,¡Hola! Buenos días. Claro, con gusto te ayudo. ¿Podrías proporcionarme el número de tu pedido, por favor?
2c80b8d0-7f24-4d97-a98e-356a00cc88eb,3,cliente_numero,vendedor_numero,2024-12-16T09:02:00Z,text,Sí, es el #789456.
2c80b8d0-7f24-4d97-a98e-356a00cc88eb,4,vendedor_numero,cliente_numero,2024-12-16T09:03:00Z,text,Gracias. Un momento mientras verifico la información...
He revisado tu pedido y el pago fue procesado exitosamente el lunes a las 10:30 AM. ¿No ves el cargo reflejado en tu estado de cuenta?
30e74547-3df5-4254-a225-8b9d553c653f,1,cliente_numero,vendedor_numero,2024-12-16T09:00:00Z,text,Hola, buenos días. Quisiera consultar el estado de mi pago por la compra realizada el lunes pasado usando mi tarjeta de crédito.
30e74547-3df5-4254-a225-8b9d553c653f,2,vendedor_numero,cliente_numero,2024-12-16T09:01:00Z,text,¡Hola! Buenos días. Claro, con gusto te ayudo. ¿Podrías proporcionarme el número de tu pedido, por favor?
30e74547-3df5-4254-a225-8b9d553c653f,3,cliente_numero,vendedor_numero,2024-12-16T09:02:00Z,text,Sí, es el #789456.
30e74547-3df5-4254-a225-8b9d553c653f,4,vendedor_numero,cliente_numero,2024-12-16T09:03:00Z,text,Gracias. Un momento mientras verifico la información...
He revisado tu pedido y el pago fue procesado exitosamente el lunes a las 10:30 AM. ¿No ves el cargo reflejado en tu estado de cuenta?
332c2948-f5ac-4d2c-a47b-1684c41dec80,1,cliente_numero,vendedor_numero,2024-12-16T09:00:00Z,text,Hola, buenos días. Quisiera consultar el estado de mi pago por la compra realizada el lunes pasado usando mi tarjeta de crédito.
332c2948-f5ac-4d2c-a47b-1684c41dec80,2,vendedor_numero,cliente_numero,2024-12-16T09:01:00Z,text,¡Hola! Buenos días. Claro, con gusto te ayudo. ¿Podrías proporcionarme el número de tu pedido, por favor?
332c2948-f5ac-4d2c-a47b-1684c41dec80,3,cliente_numero,vendedor_numero,2024-12-16T09:02:00Z,text,Sí, es el #789456.
332c2948-f5ac-4d2c-a47b-1684c41dec80,4,vendedor_numero,cliente_numero,2024-12-16T09:03:00Z,text,Gracias. Un momento mientras verifico la información...
He revisado tu pedido y el pago fue procesado exitosamente el lunes a las 10:30 AM. ¿No ves el cargo reflejado en tu estado de cuenta?
33905054-d600-478d-85d2-bd66da2ad2ff,1,cliente_numero,vendedor_numero,2024-12-16T09:00:00Z,text,Hola, buenos días. Quisiera consultar el estado de mi pago por la compra realizada el lunes pasado usando mi tarjeta de crédito.
33905054-d600-478d-85d2-bd66da2ad2ff,2,vendedor_numero,cliente_numero,2024-12-16T09:01:00Z,text,¡Hola! Buenos días. Claro, con gusto te ayudo. ¿Podrías proporcionarme el número de tu pedido, por favor?
33905054-d600-478d-85d2-bd66da2ad2ff,3,cliente_numero,vendedor_numero,2024-12-16T09:02:00Z,text,Sí, es el #789456.
33905054-d600-478d-85d2-bd66da2ad2ff,4,vendedor_numero,cliente_numero,2024-12-16T09:03:00Z,text,Gracias. Un momento mientras verifico la información...
He revisado tu pedido y el pago fue procesado exitosamente el lunes a las 10:30 AM. ¿No ves el cargo reflejado en tu estado de cuenta?
35161d56-8152-4f2a-bbae-1296748d02f5,1,cliente_numero,No especificado,2024-12-16T09:00:00Z,text,Hola, buenos días. Quisiera consultar el estado de mi pago por la compra realizada el lunes pasado usando mi tarjeta de crédito.
35161d56-8152-4f2a-bbae-1296748d02f5,2,vendedor_numero,No especificado,2024-12-16T09:01:00Z,text,¡Hola! Buenos días. Claro, con gusto te ayudo. ¿Podrías proporcionarme el número de tu pedido, por favor?
35161d56-8152-4f2a-bbae-1296748d02f5,3,cliente_numero,No especificado,2024-12-16T09:02:00Z,text,Sí, es el #789456.
35161d56-8152-4f2a-bbae-1296748d02f5,4,vendedor_numero,No especificado,2024-12-16T09:03:00Z,text,Gracias. Un momento mientras verifico la información...
He revisado tu pedido y el pago fue procesado exitosamente el lunes a las 10:30 AM. ¿No ves el cargo reflejado en tu estado de cuenta?
3965c384-2b5e-4439-873b-cdce2e64c5a0,1,cliente_numero,vendedor_numero,2024-12-16T09:00:00Z,text,Hola, buenos días. Quisiera consultar el estado de mi pago por la compra realizada el lunes pasado usando mi tarjeta de crédito.
3965c384-2b5e-4439-873b-cdce2e64c5a0,2,vendedor_numero,cliente_numero,2024-12-16T09:01:00Z,text,¡Hola! Buenos días. Claro, con gusto te ayudo. ¿Podrías proporcionarme el número de tu pedido, por favor?
3965c384-2b5e-4439-873b-cdce2e64c5a0,3,cliente_numero,vendedor_numero,2024-12-16T09:02:00Z,text,Sí, es el #789456.
3965c384-2b5e-4439-873b-cdce2e64c5a0,4,vendedor_numero,cliente_numero,2024-12-16T09:03:00Z,text,Gracias. Un momento mientras verifico la información...
He revisado tu pedido y el pago fue procesado exitosamente el lunes a las 10:30 AM. ¿No ves el cargo reflejado en tu estado de cuenta?
3a0cdf76-a15e-4861-813f-6e05c4dcc1f8,1,cliente_numero,vendedor_numero,2024-12-16T09:00:00Z,text,Hola, buenos días. Quisiera consultar el estado de mi pago por la compra realizada el lunes pasado usando mi tarjeta de crédito.
3a0cdf76-a15e-4861-813f-6e05c4dcc1f8,2,vendedor_numero,cliente_numero,2024-12-16T09:01:00Z,text,¡Hola! Buenos días. Claro, con gusto te ayudo. ¿Podrías proporcionarme el número de tu pedido, por favor?
3a0cdf76-a15e-4861-813f-6e05c4dcc1f8,3,cliente_numero,vendedor_numero,2024-12-16T09:02:00Z,text,Sí, es el #789456.
3a0cdf76-a15e-4861-813f-6e05c4dcc1f8,4,vendedor_numero,cliente_numero,2024-12-16T09:03:00Z,text,Gracias. Un momento mientras verifico la información...
He revisado tu pedido y el pago fue procesado exitosamente el lunes a las 10:30 AM. ¿No ves el cargo reflejado en tu estado de cuenta?
3c74bab1-00db-4218-b467-a6d68151cd7d,1,cliente_numero,vendedor_numero,2024-12-16T09:00:00Z,text,Hola, buenos días. Quisiera consultar el estado de mi pago por la compra realizada el lunes pasado usando mi tarjeta de crédito.
3c74bab1-00db-4218-b467-a6d68151cd7d,2,vendedor_numero,cliente_numero,2024-12-16T09:01:00Z,text,¡Hola! Buenos días. Claro, con gusto te ayudo. ¿Podrías proporcionarme el número de tu pedido, por favor?
3c74bab1-00db-4218-b467-a6d68151cd7d,3,cliente_numero,vendedor_numero,2024-12-16T09:02:00Z,text,Sí, es el #789456.
3c74bab1-00db-4218-b467-a6d68151cd7d,4,vendedor_numero,cliente_numero,2024-12-16T09:03:00Z,text,Gracias. Un momento mientras verifico la información...
He revisado tu pedido y el pago fue procesado exitosamente el lunes a las 10:30 AM. ¿No ves el cargo reflejado en tu estado de cuenta?
3d6773f9-7116-43ff-b444-85406e8bba0f,1,cliente_numero,vendedor_numero,2024-12-16T09:00:00Z,text,Hola, buenos días. Quisiera consultar el estado de mi pago por la compra realizada el lunes pasado usando mi tarjeta de crédito.
3d6773f9-7116-43ff-b444-85406e8bba0f,2,vendedor_numero,cliente_numero,2024-12-16T09:01:00Z,text,¡Hola! Buenos días. Claro, con gusto te ayudo. ¿Podrías proporcionarme el número de tu pedido, por favor?
3d6773f9-7116-43ff-b444-85406e8bba0f,3,cliente_numero,vendedor_numero,2024-12-16T09:02:00Z,text,Sí, es el #789456.
3d6773f9-7116-43ff-b444-85406e8bba0f,4,vendedor_numero,cliente_numero,2024-12-16T09:03:00Z,text,Gracias. Un momento mientras verifico la información...
He revisado tu pedido y el pago fue procesado exitosamente el lunes a las 10:30 AM. ¿No ves el cargo reflejado en tu estado de cuenta?
3e8ecedc-9de5-4b69-b6f2-59f203c6e91e,1,cliente_numero,vendedor_numero,2024-12-16T09:00:00Z,text,Hola, buenos días. Quisiera consultar el estado de mi pago por la compra realizada el lunes pasado usando mi tarjeta de crédito.
3e8ecedc-9de5-4b69-b6f2-59f203c6e91e,2,vendedor_numero,cliente_numero,2024-12-16T09:01:00Z,text,¡Hola! Buenos días. Claro, con gusto te ayudo. ¿Podrías proporcionarme el número de tu pedido, por favor?
3e8ecedc-9de5-4b69-b6f2-59f203c6e91e,3,cliente_numero,vendedor_numero,2024-12-16T09:02:00Z,text,Sí, es el #789456.
3e8ecedc-9de5-4b69-b6f2-59f203c6e91e,4,vendedor_numero,cliente_numero,2024-12-16T09:03:00Z,text,Gracias. Un momento mientras verifico la información...
He revisado tu pedido y el pago fue procesado exitosamente el lunes a las 10:30 AM. ¿No ves el cargo reflejado en tu estado de cuenta?
3ea49de6-7c10-4457-a5ad-7648281b3ef2,1,cliente_numero,vendedor_numero,2024-12-16T09:00:00Z,text,Hola, buenos días. Quisiera consultar el estado de mi pago por la compra realizada el lunes pasado usando mi tarjeta de crédito.
3ea49de6-7c10-4457-a5ad-7648281b3ef2,2,vendedor_numero,cliente_numero,2024-12-16T09:01:00Z,text,¡Hola! Buenos días. Claro, con gusto te ayudo. ¿Podrías proporcionarme el número de tu pedido, por favor?
3ea49de6-7c10-4457-a5ad-7648281b3ef2,3,cliente_numero,vendedor_numero,2024-12-16T09:02:00Z,text,Sí, es el #789456.
3ea49de6-7c10-4457-a5ad-7648281b3ef2,4,vendedor_numero,cliente_numero,2024-12-16T09:03:00Z,text,Gracias. Un momento mientras verifico la información...
He revisado tu pedido y el pago fue procesado exitosamente el lunes a las 10:30 AM. ¿No ves el cargo reflejado en tu estado de cuenta?
3f4fd336-7e6a-4e1a-be51-001f236a5188,1,cliente_numero,vendedor_numero,2024-12-16T09:00:00Z,text,Hola, buenos días. Quisiera consultar el estado de mi pago por la compra realizada el lunes pasado usando mi tarjeta de crédito.
3f4fd336-7e6a-4e1a-be51-001f236a5188,2,vendedor_numero,cliente_numero,2024-12-16T09:01:00Z,text,¡Hola! Buenos días. Claro, con gusto te ayudo. ¿Podrías proporcionarme el número de tu pedido, por favor?
3f4fd336-7e6a-4e1a-be51-001f236a5188,3,cliente_numero,vendedor_numero,2024-12-16T09:02:00Z,text,Sí, es el #789456.
3f4fd336-7e6a-4e1a-be51-001f236a5188,4,vendedor_numero,cliente_numero,2024-12-16T09:03:00Z,text,Gracias. Un momento mientras verifico la información...
He revisado tu pedido y el pago fue procesado exitosamente el lunes a las 10:30 AM. ¿No ves el cargo reflejado en tu estado de cuenta?
40053ad1-a46a-47c4-ae5d-4c704fe2ff52,1,cliente_numero,vendedor_numero,2024-12-16T09:00:00Z,text,Hola, buenos días. Quisiera consultar el estado de mi pago por la compra realizada el lunes pasado usando mi tarjeta de crédito.
40053ad1-a46a-47c4-ae5d-4c704fe2ff52,2,vendedor_numero,cliente_numero,2024-12-16T09:01:00Z,text,¡Hola! Buenos días. Claro, con gusto te ayudo. ¿Podrías proporcionarme el número de tu pedido, por favor?
40053ad1-a46a-47c4-ae5d-4c704fe2ff52,3,cliente_numero,vendedor_numero,2024-12-16T09:02:00Z,text,Sí, es el #789456.
40053ad1-a46a-47c4-ae5d-4c704fe2ff52,4,vendedor_numero,cliente_numero,2024-12-16T09:03:00Z,text,Gracias. Un momento mientras verifico la información...
He revisado tu pedido y el pago fue procesado exitosamente el lunes a las 10:30 AM. ¿No ves el cargo reflejado en tu estado de cuenta?
409aecd6-7448-48d4-94f6-6fd7bb7d623a,1,cliente_numero,vendedor_numero,2024-12-16T09:00:00Z,text,Hola, buenos días. Quisiera consultar el estado de mi pago por la compra realizada el lunes pasado usando mi tarjeta de crédito.
409aecd6-7448-48d4-94f6-6fd7bb7d623a,2,vendedor_numero,cliente_numero,2024-12-16T09:01:00Z,text,¡Hola! Buenos días. Claro, con gusto te ayudo. ¿Podrías proporcionarme el número de tu pedido, por favor?
409aecd6-7448-48d4-94f6-6fd7bb7d623a,3,cliente_numero,vendedor_numero,2024-12-16T09:02:00Z,text,Sí, es el #789456.
409aecd6-7448-48d4-94f6-6fd7bb7d623a,4,vendedor_numero,cliente_numero,2024-12-16T09:03:00Z,text,Gracias. Un momento mientras verifico la información...
He revisado tu pedido y el pago fue procesado exitosamente el lunes a las 10:30 AM. ¿No ves el cargo reflejado en tu estado de cuenta?
41d77adf-b73f-4b94-b816-0ded33091d43,1,cliente_numero,vendedor_numero,2024-12-16T09:00:00Z,text,Hola, buenos días. Quisiera consultar el estado de mi pago por la compra realizada el lunes pasado usando mi tarjeta de crédito.
41d77adf-b73f-4b94-b816-0ded33091d43,2,vendedor_numero,cliente_numero,2024-12-16T09:01:00Z,text,¡Hola! Buenos días. Claro, con gusto te ayudo. ¿Podrías proporcionarme el número de tu pedido, por favor?
41d77adf-b73f-4b94-b816-0ded33091d43,3,cliente_numero,vendedor_numero,2024-12-16T09:02:00Z,text,Sí, es el #789456.
41d77adf-b73f-4b94-b816-0ded33091d43,4,vendedor_numero,cliente_numero,2024-12-16T09:03:00Z,text,Gracias. Un momento mientras verifico la información...
He revisado tu pedido y el pago fue procesado exitosamente el lunes a las 10:30 AM. ¿No ves el cargo reflejado en tu estado de cuenta?
44316fe8-0c9f-49be-a8a0-c54821a77138,1,cliente_numero,vendedor_numero,2024-12-16T09:00:00Z,text,Hola, buenos días. Quisiera consultar el estado de mi pago por la compra realizada el lunes pasado usando mi tarjeta de crédito.
44316fe8-0c9f-49be-a8a0-c54821a77138,2,vendedor_numero,cliente_numero,2024-12-16T09:01:00Z,text,¡Hola! Buenos días. Claro, con gusto te ayudo. ¿Podrías proporcionarme el número de tu pedido, por favor?
44316fe8-0c9f-49be-a8a0-c54821a77138,3,cliente_numero,vendedor_numero,2024-12-16T09:02:00Z,text,Sí, es el #789456.
44316fe8-0c9f-49be-a8a0-c54821a77138,4,vendedor_numero,cliente_numero,2024-12-16T09:03:00Z,text,Gracias. Un momento mientras verifico la información...
He revisado tu pedido y el pago fue procesado exitosamente el lunes a las 10:30 AM. ¿No ves el cargo reflejado en tu estado de cuenta?
46571b4e-95d8-47f9-afc2-5244d95c6934,1,cliente_numero,vendedor_numero,2024-12-16T09:00:00Z,text,Hola, buenos días. Quisiera consultar el estado de mi pago por la compra realizada el lunes pasado usando mi tarjeta de crédito.
46571b4e-95d8-47f9-afc2-5244d95c6934,2,vendedor_numero,cliente_numero,2024-12-16T09:01:00Z,text,¡Hola! Buenos días. Claro, con gusto te ayudo. ¿Podrías proporcionarme el número de tu pedido, por favor?
46571b4e-95d8-47f9-afc2-5244d95c6934,3,cliente_numero,vendedor_numero,2024-12-16T09:02:00Z,text,Sí, es el #789456.
46571b4e-95d8-47f9-afc2-5244d95c6934,4,vendedor_numero,cliente_numero,2024-12-16T09:03:00Z,text,Gracias. Un momento mientras verifico la información...
He revisado tu pedido y el pago fue procesado exitosamente el lunes a las 10:30 AM. ¿No ves el cargo reflejado en tu estado de cuenta?
47671758-3931-4f47-8f0c-70e580ea7bb0,1,cliente_numero,vendedor_numero,2024-12-16T09:00:00Z,text,Hola, buenos días. Quisiera consultar el estado de mi pago por la compra realizada el lunes pasado usando mi tarjeta de crédito.
47671758-3931-4f47-8f0c-70e580ea7bb0,2,vendedor_numero,cliente_numero,2024-12-16T09:01:00Z,text,¡Hola! Buenos días. Claro, con gusto te ayudo. ¿Podrías proporcionarme el número de tu pedido, por favor?
47671758-3931-4f47-8f0c-70e580ea7bb0,3,cliente_numero,vendedor_numero,2024-12-16T09:02:00Z,text,Sí, es el #789456.
47671758-3931-4f47-8f0c-70e580ea7bb0,4,vendedor_numero,cliente_numero,2024-12-16T09:03:00Z,text,Gracias. Un momento mientras verifico la información...
He revisado tu pedido y el pago fue procesado exitosamente el lunes a las 10:30 AM. ¿No ves el cargo reflejado en tu estado de cuenta?
4fa009b3-9c95-42ed-b774-e8f1221b2f63,1,cliente_numero,vendedor_numero,2024-12-16T09:00:00Z,text,Hola, buenos días. Quisiera consultar el estado de mi pago por la compra realizada el lunes pasado usando mi tarjeta de crédito.
4fa009b3-9c95-42ed-b774-e8f1221b2f63,2,vendedor_numero,cliente_numero,2024-12-16T09:01:00Z,text,¡Hola! Buenos días. Claro, con gusto te ayudo. ¿Podrías proporcionarme el número de tu pedido, por favor?
4fa009b3-9c95-42ed-b774-e8f1221b2f63,3,cliente_numero,vendedor_numero,2024-12-16T09:02:00Z,text,Sí, es el #789456.
4fa009b3-9c95-42ed-b774-e8f1221b2f63,4,vendedor_numero,cliente_numero,2024-12-16T09:03:00Z,text,Gracias. Un momento mientras verifico la información...
He revisado tu pedido y el pago fue procesado exitosamente el lunes a las 10:30 AM. ¿No ves el cargo reflejado en tu estado de cuenta?
56f53855-c334-478c-a938-44df79e7f0cc,1,cliente_numero,vendedor_numero,2024-12-16T09:00:00Z,text,Hola, buenos días. Quisiera consultar el estado de mi pago por la compra realizada el lunes pasado usando mi tarjeta de crédito.
56f53855-c334-478c-a938-44df79e7f0cc,2,vendedor_numero,cliente_numero,2024-12-16T09:01:00Z,text,¡Hola! Buenos días. Claro, con gusto te ayudo. ¿Podrías proporcionarme el número de tu pedido, por favor?
56f53855-c334-478c-a938-44df79e7f0cc,3,cliente_numero,vendedor_numero,2024-12-16T09:02:00Z,text,Sí, es el #789456.
56f53855-c334-478c-a938-44df79e7f0cc,4,vendedor_numero,cliente_numero,2024-12-16T09:03:00Z,text,Gracias. Un momento mientras verifico la información...
He revisado tu pedido y el pago fue procesado exitosamente el lunes a las 10:30 AM. ¿No ves el cargo reflejado en tu estado de cuenta?
5826586b-c7e4-4de2-846b-a980ba00fc97,1,cliente_numero,vendedor_numero,2024-12-16T09:00:00Z,text,Hola, buenos días. Quisiera consultar el estado de mi pago por la compra realizada el lunes pasado usando mi tarjeta de crédito.
5826586b-c7e4-4de2-846b-a980ba00fc97,2,vendedor_numero,cliente_numero,2024-12-16T09:01:00Z,text,¡Hola! Buenos días. Claro, con gusto te ayudo. ¿Podrías proporcionarme el número de tu pedido, por favor?
5826586b-c7e4-4de2-846b-a980ba00fc97,3,cliente_numero,vendedor_numero,2024-12-16T09:02:00Z,text,Sí, es el #789456.
5826586b-c7e4-4de2-846b-a980ba00fc97,4,vendedor_numero,cliente_numero,2024-12-16T09:03:00Z,text,Gracias. Un momento mientras verifico la información...
He revisado tu pedido y el pago fue procesado exitosamente el lunes a las 10:30 AM. ¿No ves el cargo reflejado en tu estado de cuenta?
589e81a1-aaba-402b-ba71-eb8e2ca13a88,1,cliente_numero,vendedor_numero,2024-12-16T09:00:00Z,text,Hola, buenos días. Quisiera consultar el estado de mi pago por la compra realizada el lunes pasado usando mi tarjeta de crédito.
589e81a1-aaba-402b-ba71-eb8e2ca13a88,2,vendedor_numero,cliente_numero,2024-12-16T09:01:00Z,text,¡Hola! Buenos días. Claro, con gusto te ayudo. ¿Podrías proporcionarme el número de tu pedido, por favor?
589e81a1-aaba-402b-ba71-eb8e2ca13a88,3,cliente_numero,vendedor_numero,2024-12-16T09:02:00Z,text,Sí, es el #789456.
589e81a1-aaba-402b-ba71-eb8e2ca13a88,4,vendedor_numero,cliente_numero,2024-12-16T09:03:00Z,text,Gracias. Un momento mientras verifico la información...
He revisado tu pedido y el pago fue procesado exitosamente el lunes a las 10:30 AM. ¿No ves el cargo reflejado en tu estado de cuenta?
5ee73865-65cd-41b6-bede-12c664922766,1,cliente_numero,vendedor_numero,2024-12-16T09:00:00Z,text,Hola, buenos días. Quisiera consultar el estado de mi pago por la compra realizada el lunes pasado usando mi tarjeta de crédito.
5ee73865-65cd-41b6-bede-12c664922766,2,vendedor_numero,cliente_numero,2024-12-16T09:01:00Z,text,¡Hola! Buenos días. Claro, con gusto te ayudo. ¿Podrías proporcionarme el número de tu pedido, por favor?
5ee73865-65cd-41b6-bede-12c664922766,3,cliente_numero,vendedor_numero,2024-12-16T09:02:00Z,text,Sí, es el #789456.
5ee73865-65cd-41b6-bede-12c664922766,4,vendedor_numero,cliente_numero,2024-12-16T09:03:00Z,text,Gracias. Un momento mientras verifico la información...
He revisado tu pedido y el pago fue procesado exitosamente el lunes a las 10:30 AM. ¿No ves el cargo reflejado en tu estado de cuenta?
5f1dc93b-0e31-439e-823c-b3607f2b1219,1,cliente_numero,vendedor_numero,2024-12-16T09:00:00Z,text,Hola, buenos días. Quisiera consultar el estado de mi pago por la compra realizada el lunes pasado usando mi tarjeta de crédito.
5f1dc93b-0e31-439e-823c-b3607f2b1219,2,vendedor_numero,cliente_numero,2024-12-16T09:01:00Z,text,¡Hola! Buenos días. Claro, con gusto te ayudo. ¿Podrías proporcionarme el número de tu pedido, por favor?
5f1dc93b-0e31-439e-823c-b3607f2b1219,3,cliente_numero,vendedor_numero,2024-12-16T09:02:00Z,text,Sí, es el #789456.
5f1dc93b-0e31-439e-823c-b3607f2b1219,4,vendedor_numero,cliente_numero,2024-12-16T09:03:00Z,text,Gracias. Un momento mientras verifico la información...
He revisado tu pedido y el pago fue procesado exitosamente el lunes a las 10:30 AM. ¿No ves el cargo reflejado en tu estado de cuenta?
61c3bd85-6ccb-41b4-9254-f3d99e6fb7c5,1,cliente_numero,vendedor_numero,2024-12-16T09:00:00Z,text,Hola, buenos días. Quisiera consultar el estado de mi pago por la compra realizada el lunes pasado usando mi tarjeta de crédito.
61c3bd85-6ccb-41b4-9254-f3d99e6fb7c5,2,vendedor_numero,cliente_numero,2024-12-16T09:01:00Z,text,¡Hola! Buenos días. Claro, con gusto te ayudo. ¿Podrías proporcionarme el número de tu pedido, por favor?
61c3bd85-6ccb-41b4-9254-f3d99e6fb7c5,3,cliente_numero,vendedor_numero,2024-12-16T09:02:00Z,text,Sí, es el #789456.
61c3bd85-6ccb-41b4-9254-f3d99e6fb7c5,4,vendedor_numero,cliente_numero,2024-12-16T09:03:00Z,text,Gracias. Un momento mientras verifico la información...
He revisado tu pedido y el pago fue procesado exitosamente el lunes a las 10:30 AM. ¿No ves el cargo reflejado en tu estado de cuenta?
661dce1f-d572-4608-b285-1c187327b639,1,cliente_numero,vendedor_numero,2024-12-16T09:00:00Z,text,Hola, buenos días. Quisiera consultar el estado de mi pago por la compra realizada el lunes pasado usando mi tarjeta de crédito.
661dce1f-d572-4608-b285-1c187327b639,2,vendedor_numero,cliente_numero,2024-12-16T09:01:00Z,text,¡Hola! Buenos días. Claro, con gusto te ayudo. ¿Podrías proporcionarme el número de tu pedido, por favor?
661dce1f-d572-4608-b285-1c187327b639,3,cliente_numero,vendedor_numero,2024-12-16T09:02:00Z,text,Sí, es el #789456.
661dce1f-d572-4608-b285-1c187327b639,4,vendedor_numero,cliente_numero,2024-12-16T09:03:00Z,text,Gracias. Un momento mientras verifico la información...
He revisado tu pedido y el pago fue procesado exitosamente el lunes a las 10:30 AM. ¿No ves el cargo reflejado en tu estado de cuenta?
67ef566f-4c50-4489-80d9-f296df7683dc,1,cliente_numero,vendedor_numero,2024-12-16T09:00:00Z,text,Hola, buenos días. Quisiera consultar el estado de mi pago por la compra realizada el lunes pasado usando mi tarjeta de crédito.
67ef566f-4c50-4489-80d9-f296df7683dc,2,vendedor_numero,cliente_numero,2024-12-16T09:01:00Z,text,¡Hola! Buenos días. Claro, con gusto te ayudo. ¿Podrías proporcionarme el número de tu pedido, por favor?
67ef566f-4c50-4489-80d9-f296df7683dc,3,cliente_numero,vendedor_numero,2024-12-16T09:02:00Z,text,Sí, es el #789456.
67ef566f-4c50-4489-80d9-f296df7683dc,4,vendedor_numero,cliente_numero,2024-12-16T09:03:00Z,text,Gracias. Un momento mientras verifico la información...
He revisado tu pedido y el pago fue procesado exitosamente el lunes a las 10:30 AM. ¿No ves el cargo reflejado en tu estado de cuenta?
685b4c92-1d85-469b-a941-9e2b42d1c5cd,1,cliente_numero,vendedor_numero,2024-12-16T09:00:00Z,text,Hola, buenos días. Quisiera consultar el estado de mi pago por la compra realizada el lunes pasado usando mi tarjeta de crédito.
685b4c92-1d85-469b-a941-9e2b42d1c5cd,2,vendedor_numero,cliente_numero,2024-12-16T09:01:00Z,text,¡Hola! Buenos días. Claro, con gusto te ayudo. ¿Podrías proporcionarme el número de tu pedido, por favor?
685b4c92-1d85-469b-a941-9e2b42d1c5cd,3,cliente_numero,vendedor_numero,2024-12-16T09:02:00Z,text,Sí, es el #789456.
685b4c92-1d85-469b-a941-9e2b42d1c5cd,4,vendedor_numero,cliente_numero,2024-12-16T09:03:00Z,text,Gracias. Un momento mientras verifico la información...
He revisado tu pedido y el pago fue procesado exitosamente el lunes a las 10:30 AM. ¿No ves el cargo reflejado en tu estado de cuenta?
6b7e89c3-c313-4654-8cfe-cdb9f6b3f202,1,cliente_numero,vendedor_numero,2024-12-16T09:00:00Z,text,Hola, buenos días. Quisiera consultar el estado de mi pago por la compra realizada el lunes pasado usando mi tarjeta de crédito.
6b7e89c3-c313-4654-8cfe-cdb9f6b3f202,2,vendedor_numero,cliente_numero,2024-12-16T09:01:00Z,text,¡Hola! Buenos días. Claro, con gusto te ayudo. ¿Podrías proporcionarme el número de tu pedido, por favor?
6b7e89c3-c313-4654-8cfe-cdb9f6b3f202,3,cliente_numero,vendedor_numero,2024-12-16T09:02:00Z,text,Sí, es el #789456.
6b7e89c3-c313-4654-8cfe-cdb9f6b3f202,4,vendedor_numero,cliente_numero,2024-12-16T09:03:00Z,text,Gracias. Un momento mientras verifico la información...
He revisado tu pedido y el pago fue procesado exitosamente el lunes a las 10:30 AM. ¿No ves el cargo reflejado en tu estado de cuenta?
71723697-ce7a-4133-99f9-f8cdbeb87845,1,cliente_numero,vendedor_numero,2024-12-16T09:00:00Z,text,Hola, buenos días. Quisiera consultar el estado de mi pago por la compra realizada el lunes pasado usando mi tarjeta de crédito.
71723697-ce7a-4133-99f9-f8cdbeb87845,2,vendedor_numero,cliente_numero,2024-12-16T09:01:00Z,text,¡Hola! Buenos días. Claro, con gusto te ayudo. ¿Podrías proporcionarme el número de tu pedido, por favor?
71723697-ce7a-4133-99f9-f8cdbeb87845,3,cliente_numero,vendedor_numero,2024-12-16T09:02:00Z,text,Sí, es el #789456.
71723697-ce7a-4133-99f9-f8cdbeb87845,4,vendedor_numero,cliente_numero,2024-12-16T09:03:00Z,text,Gracias. Un momento mientras verifico la información...
He revisado tu pedido y el pago fue procesado exitosamente el lunes a las 10:30 AM. ¿No ves el cargo reflejado en tu estado de cuenta?
78619cea-ab5e-48d3-9af6-dcdb351a8cb0,1,cliente_numero,vendedor_numero,2024-12-16T09:00:00Z,text,Hola, buenos días. Quisiera consultar el estado de mi pago por la compra realizada el lunes pasado usando mi tarjeta de crédito.
78619cea-ab5e-48d3-9af6-dcdb351a8cb0,2,vendedor_numero,cliente_numero,2024-12-16T09:01:00Z,text,¡Hola! Buenos días. Claro, con gusto te ayudo. ¿Podrías proporcionarme el número de tu pedido, por favor?
78619cea-ab5e-48d3-9af6-dcdb351a8cb0,3,cliente_numero,vendedor_numero,2024-12-16T09:02:00Z,text,Sí, es el #789456.
78619cea-ab5e-48d3-9af6-dcdb351a8cb0,4,vendedor_numero,cliente_numero,2024-12-16T09:03:00Z,text,Gracias. Un momento mientras verifico la información...
He revisado tu pedido y el pago fue procesado exitosamente el lunes a las 10:30 AM. ¿No ves el cargo reflejado en tu estado de cuenta?
7c1144c7-5e69-4bba-992c-cc71b7375b71,1,cliente_numero,vendedor_numero,2024-12-16T09:00:00Z,text,Hola, buenos días. Quisiera consultar el estado de mi pago por la compra realizada el lunes pasado usando mi tarjeta de crédito.
7c1144c7-5e69-4bba-992c-cc71b7375b71,2,vendedor_numero,cliente_numero,2024-12-16T09:01:00Z,text,¡Hola! Buenos días. Claro, con gusto te ayudo. ¿Podrías proporcionarme el número de tu pedido, por favor?
7c1144c7-5e69-4bba-992c-cc71b7375b71,3,cliente_numero,vendedor_numero,2024-12-16T09:02:00Z,text,Sí, es el #789456.
7c1144c7-5e69-4bba-992c-cc71b7375b71,4,vendedor_numero,cliente_numero,2024-12-16T09:03:00Z,text,Gracias. Un momento mientras verifico la información...
He revisado tu pedido y el pago fue procesado exitosamente el lunes a las 10:30 AM. ¿No ves el cargo reflejado en tu estado de cuenta?
7dbcd7bc-d4fb-4838-a1bc-41e42a97fa6e,1,cliente_numero,No especificado,2024-12-16T09:00:00Z,text,Hola, buenos días. Quisiera consultar el estado de mi pago por la compra realizada el lunes pasado usando mi tarjeta de crédito.
7dbcd7bc-d4fb-4838-a1bc-41e42a97fa6e,2,vendedor_numero,No especificado,2024-12-16T09:01:00Z,text,¡Hola! Buenos días. Claro, con gusto te ayudo. ¿Podrías proporcionarme el número de tu pedido, por favor?
7dbcd7bc-d4fb-4838-a1bc-41e42a97fa6e,3,cliente_numero,No especificado,2024-12-16T09:02:00Z,text,Sí, es el #789456.
7dbcd7bc-d4fb-4838-a1bc-41e42a97fa6e,4,vendedor_numero,No especificado,2024-12-16T09:03:00Z,text,Gracias. Un momento mientras verifico la información...
He revisado tu pedido y el pago fue procesado exitosamente el lunes a las 10:30 AM. ¿No ves el cargo reflejado en tu estado de cuenta?
7f630080-6b7c-4893-b453-b6d312db2377,1,cliente_numero,vendedor_numero,2024-12-16T09:00:00Z,text,Hola, buenos días. Quisiera consultar el estado de mi pago por la compra realizada el lunes pasado usando mi tarjeta de crédito.
7f630080-6b7c-4893-b453-b6d312db2377,2,vendedor_numero,cliente_numero,2024-12-16T09:01:00Z,text,¡Hola! Buenos días. Claro, con gusto te ayudo. ¿Podrías proporcionarme el número de tu pedido, por favor?
7f630080-6b7c-4893-b453-b6d312db2377,3,cliente_numero,vendedor_numero,2024-12-16T09:02:00Z,text,Sí, es el #789456.
7f630080-6b7c-4893-b453-b6d312db2377,4,vendedor_numero,cliente_numero,2024-12-16T09:03:00Z,text,Gracias. Un momento mientras verifico la información...
He revisado tu pedido y el pago fue procesado exitosamente el lunes a las 10:30 AM. ¿No ves el cargo reflejado en tu estado de cuenta?
83c28fe0-f90b-4c10-9f22-9017f4f2c8a6,1,cliente_numero,vendedor_numero,2024-12-16T09:00:00Z,text,Hola, buenos días. Quisiera consultar el estado de mi pago por la compra realizada el lunes pasado usando mi tarjeta de crédito.
83c28fe0-f90b-4c10-9f22-9017f4f2c8a6,2,vendedor_numero,cliente_numero,2024-12-16T09:01:00Z,text,¡Hola! Buenos días. Claro, con gusto te ayudo. ¿Podrías proporcionarme el número de tu pedido, por favor?
83c28fe0-f90b-4c10-9f22-9017f4f2c8a6,3,cliente_numero,vendedor_numero,2024-12-16T09:02:00Z,text,Sí, es el #789456.
83c28fe0-f90b-4c10-9f22-9017f4f2c8a6,4,vendedor_numero,cliente_numero,2024-12-16T09:03:00Z,text,Gracias. Un momento mientras verifico la información...
He revisado tu pedido y el pago fue procesado exitosamente el lunes a las 10:30 AM. ¿No ves el cargo reflejado en tu estado de cuenta?
85e099f0-2169-41b9-8402-94e139bae99c,1,cliente_numero,vendedor_numero,2024-12-16T09:00:00Z,text,Hola, buenos días. Quisiera consultar el estado de mi pago por la compra realizada el lunes pasado usando mi tarjeta de crédito.
85e099f0-2169-41b9-8402-94e139bae99c,2,vendedor_numero,cliente_numero,2024-12-16T09:01:00Z,text,¡Hola! Buenos días. Claro, con gusto te ayudo. ¿Podrías proporcionarme el número de tu pedido, por favor?
85e099f0-2169-41b9-8402-94e139bae99c,3,cliente_numero,vendedor_numero,2024-12-16T09:02:00Z,text,Sí, es el #789456.
85e099f0-2169-41b9-8402-94e139bae99c,4,vendedor_numero,cliente_numero,2024-12-16T09:03:00Z,text,Gracias. Un momento mientras verifico la información...
He revisado tu pedido y el pago fue procesado exitosamente el lunes a las 10:30 AM. ¿No ves el cargo reflejado en tu estado de cuenta?
90570463-a7a0-4b36-ab8e-b4e6a8bea10c,1,cliente_numero,vendedor_numero,2024-12-16T09:00:00Z,text,Hola, buenos días. Quisiera consultar el estado de mi pago por la compra realizada el lunes pasado usando mi tarjeta de crédito.
90570463-a7a0-4b36-ab8e-b4e6a8bea10c,2,vendedor_numero,cliente_numero,2024-12-16T09:01:00Z,text,¡Hola! Buenos días. Claro, con gusto te ayudo. ¿Podrías proporcionarme el número de tu pedido, por favor?
90570463-a7a0-4b36-ab8e-b4e6a8bea10c,3,cliente_numero,vendedor_numero,2024-12-16T09:02:00Z,text,Sí, es el #789456.
90570463-a7a0-4b36-ab8e-b4e6a8bea10c,4,vendedor_numero,cliente_numero,2024-12-16T09:03:00Z,text,Gracias. Un momento mientras verifico la información...
He revisado tu pedido y el pago fue procesado exitosamente el lunes a las 10:30 AM. ¿No ves el cargo reflejado en tu estado de cuenta?
90c567fc-9dc4-4063-a1f7-770677465e00,1,cliente_numero,vendedor_numero,2024-12-16T09:00:00Z,text,Hola, buenos días. Quisiera consultar el estado de mi pago por la compra realizada el lunes pasado usando mi tarjeta de crédito.
90c567fc-9dc4-4063-a1f7-770677465e00,2,vendedor_numero,cliente_numero,2024-12-16T09:01:00Z,text,¡Hola! Buenos días. Claro, con gusto te ayudo. ¿Podrías proporcionarme el número de tu pedido, por favor?
90c567fc-9dc4-4063-a1f7-770677465e00,3,cliente_numero,vendedor_numero,2024-12-16T09:02:00Z,text,Sí, es el #789456.
90c567fc-9dc4-4063-a1f7-770677465e00,4,vendedor_numero,cliente_numero,2024-12-16T09:03:00Z,text,Gracias. Un momento mientras verifico la información...
He revisado tu pedido y el pago fue procesado exitosamente el lunes a las 10:30 AM. ¿No ves el cargo reflejado en tu estado de cuenta?
911d874c-ca3c-4d86-9ed9-8cae13cf7abf,1,cliente_numero,vendedor_numero,2024-12-16T09:00:00Z,text,Hola, buenos días. Quisiera consultar el estado de mi pago por la compra realizada el lunes pasado usando mi tarjeta de crédito.
911d874c-ca3c-4d86-9ed9-8cae13cf7abf,2,vendedor_numero,cliente_numero,2024-12-16T09:01:00Z,text,¡Hola! Buenos días. Claro, con gusto te ayudo. ¿Podrías proporcionarme el número de tu pedido, por favor?
911d874c-ca3c-4d86-9ed9-8cae13cf7abf,3,cliente_numero,vendedor_numero,2024-12-16T09:02:00Z,text,Sí, es el #789456.
911d874c-ca3c-4d86-9ed9-8cae13cf7abf,4,vendedor_numero,cliente_numero,2024-12-16T09:03:00Z,text,Gracias. Un momento mientras verifico la información...
He revisado tu pedido y el pago fue procesado exitosamente el lunes a las 10:30 AM. ¿No ves el cargo reflejado en tu estado de cuenta?
93f41841-c0d0-4bda-8bce-5c12dac91743,1,cliente_numero,vendedor_numero,2024-12-16T09:00:00Z,text,Hola, buenos días. Quisiera consultar el estado de mi pago por la compra realizada el lunes pasado usando mi tarjeta de crédito.
93f41841-c0d0-4bda-8bce-5c12dac91743,2,vendedor_numero,cliente_numero,2024-12-16T09:01:00Z,text,¡Hola! Buenos días. Claro, con gusto te ayudo. ¿Podrías proporcionarme el número de tu pedido, por favor?
93f41841-c0d0-4bda-8bce-5c12dac91743,3,cliente_numero,vendedor_numero,2024-12-16T09:02:00Z,text,Sí, es el #789456.
93f41841-c0d0-4bda-8bce-5c12dac91743,4,vendedor_numero,cliente_numero,2024-12-16T09:03:00Z,text,Gracias. Un momento mientras verifico la información...
He revisado tu pedido y el pago fue procesado exitosamente el lunes a las 10:30 AM. ¿No ves el cargo reflejado en tu estado de cuenta?
98bb18cb-1b33-4d76-acb7-f292fdd817bf,1,cliente_numero,vendedor_numero,2024-12-16T09:00:00Z,text,Hola, buenos días. Quisiera consultar el estado de mi pago por la compra realizada el lunes pasado usando mi tarjeta de crédito.
98bb18cb-1b33-4d76-acb7-f292fdd817bf,2,vendedor_numero,cliente_numero,2024-12-16T09:01:00Z,text,¡Hola! Buenos días. Claro, con gusto te ayudo. ¿Podrías proporcionarme el número de tu pedido, por favor?
98bb18cb-1b33-4d76-acb7-f292fdd817bf,3,cliente_numero,vendedor_numero,2024-12-16T09:02:00Z,text,Sí, es el #789456.
98bb18cb-1b33-4d76-acb7-f292fdd817bf,4,vendedor_numero,cliente_numero,2024-12-16T09:03:00Z,text,Gracias. Un momento mientras verifico la información...
He revisado tu pedido y el pago fue procesado exitosamente el lunes a las 10:30 AM. ¿No ves el cargo reflejado en tu estado de cuenta?
a0e7b115-dd07-4c18-a592-facff402eeb1,1,cliente_numero,vendedor_numero,2024-12-16T09:00:00Z,text,Hola, buenos días. Quisiera consultar el estado de mi pago por la compra realizada el lunes pasado usando mi tarjeta de crédito.
a0e7b115-dd07-4c18-a592-facff402eeb1,2,vendedor_numero,cliente_numero,2024-12-16T09:01:00Z,text,¡Hola! Buenos días. Claro, con gusto te ayudo. ¿Podrías proporcionarme el número de tu pedido, por favor?
a0e7b115-dd07-4c18-a592-facff402eeb1,3,cliente_numero,vendedor_numero,2024-12-16T09:02:00Z,text,Sí, es el #789456.
a0e7b115-dd07-4c18-a592-facff402eeb1,4,vendedor_numero,cliente_numero,2024-12-16T09:03:00Z,text,Gracias. Un momento mientras verifico la información...
He revisado tu pedido y el pago fue procesado exitosamente el lunes a las 10:30 AM. ¿No ves el cargo reflejado en tu estado de cuenta?
a315c79d-1145-42c0-b803-1da582f29378,1,cliente_numero,vendedor_numero,2024-12-16T09:00:00Z,text,Hola, buenos días. Quisiera consultar el estado de mi pago por la compra realizada el lunes pasado usando mi tarjeta de crédito.
a315c79d-1145-42c0-b803-1da582f29378,2,vendedor_numero,cliente_numero,2024-12-16T09:01:00Z,text,¡Hola! Buenos días. Claro, con gusto te ayudo. ¿Podrías proporcionarme el número de tu pedido, por favor?
a315c79d-1145-42c0-b803-1da582f29378,3,cliente_numero,vendedor_numero,2024-12-16T09:02:00Z,text,Sí, es el #789456.
a315c79d-1145-42c0-b803-1da582f29378,4,vendedor_numero,cliente_numero,2024-12-16T09:03:00Z,text,Gracias. Un momento mientras verifico la información...
He revisado tu pedido y el pago fue procesado exitosamente el lunes a las 10:30 AM. ¿No ves el cargo reflejado en tu estado de cuenta?
a358a58b-1466-44da-8ead-eeceb8e8fb8a,1,cliente_numero,vendedor_numero,2024-12-16T09:00:00Z,text,Hola, buenos días. Quisiera consultar el estado de mi pago por la compra realizada el lunes pasado usando mi tarjeta de crédito.
a358a58b-1466-44da-8ead-eeceb8e8fb8a,2,vendedor_numero,cliente_numero,2024-12-16T09:01:00Z,text,¡Hola! Buenos días. Claro, con gusto te ayudo. ¿Podrías proporcionarme el número de tu pedido, por favor?
a358a58b-1466-44da-8ead-eeceb8e8fb8a,3,cliente_numero,vendedor_numero,2024-12-16T09:02:00Z,text,Sí, es el #789456.
a358a58b-1466-44da-8ead-eeceb8e8fb8a,4,vendedor_numero,cliente_numero,2024-12-16T09:03:00Z,text,Gracias. Un momento mientras verifico la información...
He revisado tu pedido y el pago fue procesado exitosamente el lunes a las 10:30 AM. ¿No ves el cargo reflejado en tu estado de cuenta?
a9946038-82f7-4482-9895-22b6f570d4da,1,cliente_numero,vendedor_numero,2024-12-16T09:00:00Z,text,Hola, buenos días. Quisiera consultar el estado de mi pago por la compra realizada el lunes pasado usando mi tarjeta de crédito.
a9946038-82f7-4482-9895-22b6f570d4da,2,vendedor_numero,cliente_numero,2024-12-16T09:01:00Z,text,¡Hola! Buenos días. Claro, con gusto te ayudo. ¿Podrías proporcionarme el número de tu pedido, por favor?
a9946038-82f7-4482-9895-22b6f570d4da,3,cliente_numero,vendedor_numero,2024-12-16T09:02:00Z,text,Sí, es el #789456.
a9946038-82f7-4482-9895-22b6f570d4da,4,vendedor_numero,cliente_numero,2024-12-16T09:03:00Z,text,Gracias. Un momento mientras verifico la información...
He revisado tu pedido y el pago fue procesado exitosamente el lunes a las 10:30 AM. ¿No ves el cargo reflejado en tu estado de cuenta?
aad8f688-84da-4fc5-9838-90761b859bec,1,cliente_numero,vendedor_numero,2024-12-16T09:00:00Z,text,Hola, buenos días. Quisiera consultar el estado de mi pago por la compra realizada el lunes pasado usando mi tarjeta de crédito.
aad8f688-84da-4fc5-9838-90761b859bec,2,vendedor_numero,cliente_numero,2024-12-16T09:01:00Z,text,¡Hola! Buenos días. Claro, con gusto te ayudo. ¿Podrías proporcionarme el número de tu pedido, por favor?
aad8f688-84da-4fc5-9838-90761b859bec,3,cliente_numero,vendedor_numero,2024-12-16T09:02:00Z,text,Sí, es el #789456.
aad8f688-84da-4fc5-9838-90761b859bec,4,vendedor_numero,cliente_numero,2024-12-16T09:03:00Z,text,Gracias. Un momento mientras verifico la información...
He revisado tu pedido y el pago fue procesado exitosamente el lunes a las 10:30 AM. ¿No ves el cargo reflejado en tu estado de cuenta?
b41e08c8-0af6-4a40-b618-5375bc1f01ea,1,cliente_numero,vendedor_numero,2024-12-16T09:00:00Z,text,Hola, buenos días. Quisiera consultar el estado de mi pago por la compra realizada el lunes pasado usando mi tarjeta de crédito.
b41e08c8-0af6-4a40-b618-5375bc1f01ea,2,vendedor_numero,cliente_numero,2024-12-16T09:01:00Z,text,¡Hola! Buenos días. Claro, con gusto te ayudo. ¿Podrías proporcionarme el número de tu pedido, por favor?
b41e08c8-0af6-4a40-b618-5375bc1f01ea,3,cliente_numero,vendedor_numero,2024-12-16T09:02:00Z,text,Sí, es el #789456.
b41e08c8-0af6-4a40-b618-5375bc1f01ea,4,vendedor_numero,cliente_numero,2024-12-16T09:03:00Z,text,Gracias. Un momento mientras verifico la información...
He revisado tu pedido y el pago fue procesado exitosamente el lunes a las 10:30 AM. ¿No ves el cargo reflejado en tu estado de cuenta?
bca672ab-17e0-42d9-a0ca-4e7f3484c04e,1,cliente_numero,vendedor_numero,2024-12-16T09:00:00Z,text,Hola, buenos días. Quisiera consultar el estado de mi pago por la compra realizada el lunes pasado usando mi tarjeta de crédito.
bca672ab-17e0-42d9-a0ca-4e7f3484c04e,2,vendedor_numero,cliente_numero,2024-12-16T09:01:00Z,text,¡Hola! Buenos días. Claro, con gusto te ayudo. ¿Podrías proporcionarme el número de tu pedido, por favor?
bca672ab-17e0-42d9-a0ca-4e7f3484c04e,3,cliente_numero,vendedor_numero,2024-12-16T09:02:00Z,text,Sí, es el #789456.
bca672ab-17e0-42d9-a0ca-4e7f3484c04e,4,vendedor_numero,cliente_numero,2024-12-16T09:03:00Z,text,Gracias. Un momento mientras verifico la información...
He revisado tu pedido y el pago fue procesado exitosamente el lunes a las 10:30 AM. ¿No ves el cargo reflejado en tu estado de cuenta?
c06a8f8b-943a-4884-a31f-7f96e9caee4f,1,cliente_numero,vendedor_numero,2024-12-16T09:00:00Z,text,Hola, buenos días. Quisiera consultar el estado de mi pago por la compra realizada el lunes pasado usando mi tarjeta de crédito.
c06a8f8b-943a-4884-a31f-7f96e9caee4f,2,vendedor_numero,cliente_numero,2024-12-16T09:01:00Z,text,¡Hola! Buenos días. Claro, con gusto te ayudo. ¿Podrías proporcionarme el número de tu pedido, por favor?
c06a8f8b-943a-4884-a31f-7f96e9caee4f,3,cliente_numero,vendedor_numero,2024-12-16T09:02:00Z,text,Sí, es el #789456.
c06a8f8b-943a-4884-a31f-7f96e9caee4f,4,vendedor_numero,cliente_numero,2024-12-16T09:03:00Z,text,Gracias. Un momento mientras verifico la información...
He revisado tu pedido y el pago fue procesado exitosamente el lunes a las 10:30 AM. ¿No ves el cargo reflejado en tu estado de cuenta?
c1cc0faa-ae2e-4543-a5a9-03d358ec005e,1,cliente_numero,vendedor_numero,2024-12-16T09:00:00Z,text,Hola, buenos días. Quisiera consultar el estado de mi pago por la compra realizada el lunes pasado usando mi tarjeta de crédito.
c1cc0faa-ae2e-4543-a5a9-03d358ec005e,2,vendedor_numero,cliente_numero,2024-12-16T09:01:00Z,text,¡Hola! Buenos días. Claro, con gusto te ayudo. ¿Podrías proporcionarme el número de tu pedido, por favor?
c1cc0faa-ae2e-4543-a5a9-03d358ec005e,3,cliente_numero,vendedor_numero,2024-12-16T09:02:00Z,text,Sí, es el #789456.
c1cc0faa-ae2e-4543-a5a9-03d358ec005e,4,vendedor_numero,cliente_numero,2024-12-16T09:03:00Z,text,Gracias. Un momento mientras verifico la información...
He revisado tu pedido y el pago fue procesado exitosamente el lunes a las 10:30 AM. ¿No ves el cargo reflejado en tu estado de cuenta?
c969481f-7c3d-4292-85d7-1d48e89aebe4,1,cliente_numero,vendedor_numero,2024-12-16T09:00:00Z,text,Hola, buenos días. Quisiera consultar el estado de mi pago por la compra realizada el lunes pasado usando mi tarjeta de crédito.
c969481f-7c3d-4292-85d7-1d48e89aebe4,2,vendedor_numero,cliente_numero,2024-12-16T09:01:00Z,text,¡Hola! Buenos días. Claro, con gusto te ayudo. ¿Podrías proporcionarme el número de tu pedido, por favor?
c969481f-7c3d-4292-85d7-1d48e89aebe4,3,cliente_numero,vendedor_numero,2024-12-16T09:02:00Z,text,Sí, es el #789456.
c969481f-7c3d-4292-85d7-1d48e89aebe4,4,vendedor_numero,cliente_numero,2024-12-16T09:03:00Z,text,Gracias. Un momento mientras verifico la información...
He revisado tu pedido y el pago fue procesado exitosamente el lunes a las 10:30 AM. ¿No ves el cargo reflejado en tu estado de cuenta?
caa48ad9-20db-42e8-925f-75bf8dd06cc1,1,cliente_numero,vendedor_numero,2024-12-16T09:00:00Z,text,Hola, buenos días. Quisiera consultar el estado de mi pago por la compra realizada el lunes pasado usando mi tarjeta de crédito.
caa48ad9-20db-42e8-925f-75bf8dd06cc1,2,vendedor_numero,cliente_numero,2024-12-16T09:01:00Z,text,¡Hola! Buenos días. Claro, con gusto te ayudo. ¿Podrías proporcionarme el número de tu pedido, por favor?
caa48ad9-20db-42e8-925f-75bf8dd06cc1,3,cliente_numero,vendedor_numero,2024-12-16T09:02:00Z,text,Sí, es el #789456.
caa48ad9-20db-42e8-925f-75bf8dd06cc1,4,vendedor_numero,cliente_numero,2024-12-16T09:03:00Z,text,Gracias. Un momento mientras verifico la información...
He revisado tu pedido y el pago fue procesado exitosamente el lunes a las 10:30 AM. ¿No ves el cargo reflejado en tu estado de cuenta?
cee641e9-8df6-4e0c-a1b2-98b375ac6326,1,cliente_numero,vendedor_numero,2024-12-16T09:00:00Z,text,Hola, buenos días. Quisiera consultar el estado de mi pago por la compra realizada el lunes pasado usando mi tarjeta de crédito.
cee641e9-8df6-4e0c-a1b2-98b375ac6326,2,vendedor_numero,cliente_numero,2024-12-16T09:01:00Z,text,¡Hola! Buenos días. Claro, con gusto te ayudo. ¿Podrías proporcionarme el número de tu pedido, por favor?
cee641e9-8df6-4e0c-a1b2-98b375ac6326,3,cliente_numero,vendedor_numero,2024-12-16T09:02:00Z,text,Sí, es el #789456.
cee641e9-8df6-4e0c-a1b2-98b375ac6326,4,vendedor_numero,cliente_numero,2024-12-16T09:03:00Z,text,Gracias. Un momento mientras verifico la información...
He revisado tu pedido y el pago fue procesado exitosamente el lunes a las 10:30 AM. ¿No ves el cargo reflejado en tu estado de cuenta?
d5a8dd5c-fe52-43cb-abd6-fee7254b1d86,1,cliente_numero,vendedor_numero,2024-12-16T09:00:00Z,text,Hola, buenos días. Quisiera consultar el estado de mi pago por la compra realizada el lunes pasado usando mi tarjeta de crédito.
d5a8dd5c-fe52-43cb-abd6-fee7254b1d86,2,vendedor_numero,cliente_numero,2024-12-16T09:01:00Z,text,¡Hola! Buenos días. Claro, con gusto te ayudo. ¿Podrías proporcionarme el número de tu pedido, por favor?
d5a8dd5c-fe52-43cb-abd6-fee7254b1d86,3,cliente_numero,vendedor_numero,2024-12-16T09:02:00Z,text,Sí, es el #789456.
d5a8dd5c-fe52-43cb-abd6-fee7254b1d86,4,vendedor_numero,cliente_numero,2024-12-16T09:03:00Z,text,Gracias. Un momento mientras verifico la información...
He revisado tu pedido y el pago fue procesado exitosamente el lunes a las 10:30 AM. ¿No ves el cargo reflejado en tu estado de cuenta?
d92345fb-743b-41ae-b5b3-58f250a2f6b6,1,cliente_numero,vendedor_numero,2024-12-16T09:00:00Z,text,Hola, buenos días. Quisiera consultar el estado de mi pago por la compra realizada el lunes pasado usando mi tarjeta de crédito.
d92345fb-743b-41ae-b5b3-58f250a2f6b6,2,vendedor_numero,cliente_numero,2024-12-16T09:01:00Z,text,¡Hola! Buenos días. Claro, con gusto te ayudo. ¿Podrías proporcionarme el número de tu pedido, por favor?
d92345fb-743b-41ae-b5b3-58f250a2f6b6,3,cliente_numero,vendedor_numero,2024-12-16T09:02:00Z,text,Sí, es el #789456.
d92345fb-743b-41ae-b5b3-58f250a2f6b6,4,vendedor_numero,cliente_numero,2024-12-16T09:03:00Z,text,Gracias. Un momento mientras verifico la información...
He revisado tu pedido y el pago fue procesado exitosamente el lunes a las 10:30 AM. ¿No ves el cargo reflejado en tu estado de cuenta?
df2fc1da-696f-41c6-a50d-97f50896367c,1,cliente_numero,vendedor_numero,2024-12-16T09:00:00Z,text,Hola, buenos días. Quisiera consultar el estado de mi pago por la compra realizada el lunes pasado usando mi tarjeta de crédito.
df2fc1da-696f-41c6-a50d-97f50896367c,2,vendedor_numero,cliente_numero,2024-12-16T09:01:00Z,text,¡Hola! Buenos días. Claro, con gusto te ayudo. ¿Podrías proporcionarme el número de tu pedido, por favor?
df2fc1da-696f-41c6-a50d-97f50896367c,3,cliente_numero,vendedor_numero,2024-12-16T09:02:00Z,text,Sí, es el #789456.
df2fc1da-696f-41c6-a50d-97f50896367c,4,vendedor_numero,cliente_numero,2024-12-16T09:03:00Z,text,Gracias. Un momento mientras verifico la información...
He revisado tu pedido y el pago fue procesado exitosamente el lunes a las 10:30 AM. ¿No ves el cargo reflejado en tu estado de cuenta?
e107578d-df24-4b2d-a5aa-80a55b8a0b0e,1,cliente_numero,vendedor_numero,2024-12-16T09:00:00Z,text,Hola, buenos días. Quisiera consultar el estado de mi pago por la compra realizada el lunes pasado usando mi tarjeta de crédito.
e107578d-df24-4b2d-a5aa-80a55b8a0b0e,2,vendedor_numero,cliente_numero,2024-12-16T09:01:00Z,text,¡Hola! Buenos días. Claro, con gusto te ayudo. ¿Podrías proporcionarme el número de tu pedido, por favor?
e107578d-df24-4b2d-a5aa-80a55b8a0b0e,3,cliente_numero,vendedor_numero,2024-12-16T09:02:00Z,text,Sí, es el #789456.
e107578d-df24-4b2d-a5aa-80a55b8a0b0e,4,vendedor_numero,cliente_numero,2024-12-16T09:03:00Z,text,Gracias. Un momento mientras verifico la información...
He revisado tu pedido y el pago fue procesado exitosamente el lunes a las 10:30 AM. ¿No ves el cargo reflejado en tu estado de cuenta?
e13f58a5-d4b1-45a2-a50c-4ac7d1bd9fbe,1,cliente_numero,vendedor_numero,2024-12-16T09:00:00Z,text,Hola, buenos días. Quisiera consultar el estado de mi pago por la compra realizada el lunes pasado usando mi tarjeta de crédito.
e13f58a5-d4b1-45a2-a50c-4ac7d1bd9fbe,2,vendedor_numero,cliente_numero,2024-12-16T09:01:00Z,text,¡Hola! Buenos días. Claro, con gusto te ayudo. ¿Podrías proporcionarme el número de tu pedido, por favor?
e13f58a5-d4b1-45a2-a50c-4ac7d1bd9fbe,3,cliente_numero,vendedor_numero,2024-12-16T09:02:00Z,text,Sí, es el #789456.
e13f58a5-d4b1-45a2-a50c-4ac7d1bd9fbe,4,vendedor_numero,cliente_numero,2024-12-16T09:03:00Z,text,Gracias. Un momento mientras verifico la información...
He revisado tu pedido y el pago fue procesado exitosamente el lunes a las 10:30 AM. ¿No ves el cargo reflejado en tu estado de cuenta?
e303e0e8-bcc0-4174-8d6b-5be99256718a,1,cliente_numero,vendedor_numero,2024-12-16T09:00:00Z,text,Hola, buenos días. Quisiera consultar el estado de mi pago por la compra realizada el lunes pasado usando mi tarjeta de crédito.
e303e0e8-bcc0-4174-8d6b-5be99256718a,2,vendedor_numero,cliente_numero,2024-12-16T09:01:00Z,text,¡Hola! Buenos días. Claro, con gusto te ayudo. ¿Podrías proporcionarme el número de tu pedido, por favor?
e303e0e8-bcc0-4174-8d6b-5be99256718a,3,cliente_numero,vendedor_numero,2024-12-16T09:02:00Z,text,Sí, es el #789456.
e303e0e8-bcc0-4174-8d6b-5be99256718a,4,vendedor_numero,cliente_numero,2024-12-16T09:03:00Z,text,Gracias. Un momento mientras verifico la información...
He revisado tu pedido y el pago fue procesado exitosamente el lunes a las 10:30 AM. ¿No ves el cargo reflejado en tu estado de cuenta?
e690f221-0532-4fcb-bdec-9fd0c94e7082,1,cliente_numero,vendedor_numero,2024-12-16T09:00:00Z,text,Hola, buenos días. Quisiera consultar el estado de mi pago por la compra realizada el lunes pasado usando mi tarjeta de crédito.
e690f221-0532-4fcb-bdec-9fd0c94e7082,2,vendedor_numero,cliente_numero,2024-12-16T09:01:00Z,text,¡Hola! Buenos días. Claro, con gusto te ayudo. ¿Podrías proporcionarme el número de tu pedido, por favor?
e690f221-0532-4fcb-bdec-9fd0c94e7082,3,cliente_numero,vendedor_numero,2024-12-16T09:02:00Z,text,Sí, es el #789456.
e690f221-0532-4fcb-bdec-9fd0c94e7082,4,vendedor_numero,cliente_numero,2024-12-16T09:03:00Z,text,Gracias. Un momento mientras verifico la información...
He revisado tu pedido y el pago fue procesado exitosamente el lunes a las 10:30 AM. ¿No ves el cargo reflejado en tu estado de cuenta?
efee6931-4be8-48c9-88aa-90765bf06bf5,1,cliente_numero,vendedor_numero,2024-12-16T09:00:00Z,text,Hola, buenos días. Quisiera consultar el estado de mi pago por la compra realizada el lunes pasado usando mi tarjeta de crédito.
efee6931-4be8-48c9-88aa-90765bf06bf5,2,vendedor_numero,cliente_numero,2024-12-16T09:01:00Z,text,¡Hola! Buenos días. Claro, con gusto te ayudo. ¿Podrías proporcionarme el número de tu pedido, por favor?
efee6931-4be8-48c9-88aa-90765bf06bf5,3,cliente_numero,vendedor_numero,2024-12-16T09:02:00Z,text,Sí, es el #789456.
efee6931-4be8-48c9-88aa-90765bf06bf5,4,vendedor_numero,cliente_numero,2024-12-16T09:03:00Z,text,Gracias. Un momento mientras verifico la información...
He revisado tu pedido y el pago fue procesado exitosamente el lunes a las 10:30 AM. ¿No ves el cargo reflejado en tu estado de cuenta?
f763824d-3aa3-471d-b01d-16816c45cee6,1,cliente_numero,vendedor_numero,2024-12-16T09:00:00Z,text,Hola, buenos días. Quisiera consultar el estado de mi pago por la compra realizada el lunes pasado usando mi tarjeta de crédito.
f763824d-3aa3-471d-b01d-16816c45cee6,2,vendedor_numero,cliente_numero,2024-12-16T09:01:00Z,text,¡Hola! Buenos días. Claro, con gusto te ayudo. ¿Podrías proporcionarme el número de tu pedido, por favor?
f763824d-3aa3-471d-b01d-16816c45cee6,3,cliente_numero,vendedor_numero,2024-12-16T09:02:00Z,text,Sí, es el #789456.
f763824d-3aa3-471d-b01d-16816c45cee6,4,vendedor_numero,cliente_numero,2024-12-16T09:03:00Z,text,Gracias. Un momento mientras verifico la información...
He revisado tu pedido y el pago fue procesado exitosamente el lunes a las 10:30 AM. ¿No ves el cargo reflejado en tu estado de cuenta?
fc795732-b2c1-4d03-9643-5a140bbab773,1,cliente_numero,vendedor_numero,2024-12-16T09:00:00Z,text,Hola, buenos días. Quisiera consultar el estado de mi pago por la compra realizada el lunes pasado usando mi tarjeta de crédito.
fc795732-b2c1-4d03-9643-5a140bbab773,2,vendedor_numero,cliente_numero,2024-12-16T09:01:00Z,text,¡Hola! Buenos días. Claro, con gusto te ayudo. ¿Podrías proporcionarme el número de tu pedido, por favor?
fc795732-b2c1-4d03-9643-5a140bbab773,3,cliente_numero,vendedor_numero,2024-12-16T09:02:00Z,text,Sí, es el #789456.
fc795732-b2c1-4d03-9643-5a140bbab773,4,vendedor_numero,cliente_numero,2024-12-16T09:03:00Z,text,Gracias. Un momento mientras verifico la información...
He revisado tu pedido y el pago fue procesado exitosamente el lunes a las 10:30 AM. ¿No ves el cargo reflejado en tu estado de cuenta?
